source_id,source_name,description,url,category,language,country,first_seen,last_updated,total_articles
,9to5Mac,,,,,,2025-10-01 17:21:47,2025-10-01 17:21:47,2
,9to5Toys,,,,,,2025-10-01 17:21:47,2025-10-01 17:21:47,1
,9to5google.com,,,,,,2025-10-01 17:21:47,2025-10-01 17:21:47,1
,AL.com,,,,,,2025-10-01 17:21:47,2025-10-01 17:21:47,1
,Aboutamazon.com,,,,,,2025-10-01 17:21:47,2025-10-01 17:21:47,2
,Acme Packing Company,,,,,,2025-10-01 17:21:47,2025-10-01 17:21:47,1
,Android Authority,,,,,,2025-10-01 17:21:47,2025-10-01 17:21:47,2
,Apple Newsroom,,,,,,2025-10-01 17:21:47,2025-10-01 17:21:47,1
,AppleInsider,,,,,,2025-10-01 17:21:47,2025-10-01 17:21:47,1
,Arrowhead Pride,,,,,,2025-10-01 17:21:47,2025-10-01 17:21:47,1
,BGR,,,,,,2025-10-01 17:21:47,2025-10-01 17:21:47,1
,BaltimoreRavens.com,,,,,,2025-10-01 17:21:47,2025-10-01 17:21:47,1
,Big Blue View,,,,,,2025-10-01 17:21:47,2025-10-01 17:21:47,1
,Biztoc.com,,,,,,2025-10-01 17:21:47,2025-10-01 17:21:47,6
,Blizzard.com,,,,,,2025-10-01 17:21:47,2025-10-01 17:21:47,1
,Bloody Elbow,,,,,,2025-10-01 17:21:47,2025-10-01 17:21:47,1
,Boston Herald,,,,,,2025-10-01 17:21:47,2025-10-01 17:21:47,2
,BuffaloBills.com,,,,,,2025-10-01 17:21:47,2025-10-01 17:21:47,1
,CBS Sports,,,,,,2025-10-01 17:21:47,2025-10-01 17:21:47,1
,CMSWire,,,,,,2025-10-01 17:21:47,2025-10-01 17:21:47,1
,CNA,,,,,,2025-10-01 17:21:47,2025-10-01 17:21:47,1
,CNBC,,,,,,2025-10-01 17:21:47,2025-10-01 17:21:47,2
,CNET,,,,,,2025-10-01 17:21:47,2025-10-01 17:21:47,2
,Daily Signal,,,,,,2025-10-01 17:21:47,2025-10-01 17:21:47,1
,DallasCowboys.com,,,,,,2025-10-01 17:21:47,2025-10-01 17:21:47,1
,Deadline,,,,,,2025-10-01 17:21:47,2025-10-01 17:21:47,4
,Dexerto,,,,,,2025-10-01 17:21:47,2025-10-01 17:21:47,1
,Digital Journal,,,,,,2025-10-01 17:21:47,2025-10-01 17:21:47,1
,Eurogamer.net,,,,,,2025-10-01 17:21:47,2025-10-01 17:21:47,3
,Europa.eu,,,,,,2025-10-01 17:21:47,2025-10-01 17:21:47,1
,FantasyPros,,,,,,2025-10-01 17:21:47,2025-10-01 17:21:47,1
,Fantraxhq.com,,,,,,2025-10-01 17:21:47,2025-10-01 17:21:47,1
,Fightingirish.com,,,,,,2025-10-01 17:21:47,2025-10-01 17:21:47,1
,Financial Times,,,,,,2025-10-01 17:21:47,2025-10-01 17:21:47,2
,Footballscoop.com,,,,,,2025-10-01 17:21:47,2025-10-01 17:21:47,1
,Forbes,,,,,,2025-10-01 17:21:47,2025-10-01 17:21:47,5
,GameSpot,,,,,,2025-10-01 17:21:47,2025-10-01 17:21:47,4
,Giants.com,,,,,,2025-10-01 17:21:47,2025-10-01 17:21:47,1
,GlobeNewswire,,,,,,2025-10-01 17:21:47,2025-10-01 17:21:47,17
,Hackaday,,,,,,2025-10-01 17:21:47,2025-10-01 17:21:47,1
,Hhs.gov,,,,,,2025-10-01 17:21:47,2025-10-01 17:21:47,1
,Hollywood Reporter,,,,,,2025-10-01 17:21:47,2025-10-01 17:21:47,2
,IPWatchdog.com,,,,,,2025-10-01 17:21:47,2025-10-01 17:21:47,1
,InStyle,,,,,,2025-10-01 17:21:47,2025-10-01 17:21:47,2
,International Business Times,,,,,,2025-10-01 17:21:47,2025-10-01 17:21:47,1
,Investor's Business Daily,,,,,,2025-10-01 17:21:47,2025-10-01 17:21:47,2
,Irwendys.com,,,,,,2025-10-01 17:21:47,2025-10-01 17:21:47,1
,Israelnationalnews.com,,,,,,2025-10-01 17:21:47,2025-10-01 17:21:47,1
,Kotaku,,,,,,2025-10-01 17:21:47,2025-10-01 17:21:47,5
,Linkedin.com,,,,,,2025-10-01 17:21:47,2025-10-01 17:21:47,2
,MLB.com,,,,,,2025-10-01 17:21:47,2025-10-01 17:21:47,1
,MMA Fighting,,,,,,2025-10-01 17:21:47,2025-10-01 17:21:47,1
,MassLive.com,,,,,,2025-10-01 17:21:47,2025-10-01 17:21:47,1
,Mcsweeneys.net,,,,,,2025-10-01 17:21:47,2025-10-01 17:21:47,1
,Minecraft.net,,,,,,2025-10-01 17:21:47,2025-10-01 17:21:47,1
,Minneapolis Star Tribune,,,,,,2025-10-01 17:21:47,2025-10-01 17:21:47,1
,Motor1,,,,,,2025-10-01 17:21:47,2025-10-01 17:21:47,1
,NBCSports.com,,,,,,2025-10-01 17:21:47,2025-10-01 17:21:47,4
,NDTV News,,,,,,2025-10-01 17:21:47,2025-10-01 17:21:47,1
,NPR,,,,,,2025-10-01 17:21:47,2025-10-01 17:21:47,5
,National Institutes of Health,,,,,,2025-10-01 17:21:47,2025-10-01 17:21:47,1
,New York Post,,,,,,2025-10-01 17:21:47,2025-10-01 17:21:47,2
,NewOrleansSaints.com,,,,,,2025-10-01 17:21:47,2025-10-01 17:21:47,1
,Nintendo Life,,,,,,2025-10-01 17:21:47,2025-10-01 17:21:47,1
,Notateslaapp.com,,,,,,2025-10-01 17:21:47,2025-10-01 17:21:47,1
,Notebookcheck.net,,,,,,2025-10-01 17:21:47,2025-10-01 17:21:47,1
,Nrn.com,,,,,,2025-10-01 17:21:47,2025-10-01 17:21:47,1
,OilPrice.com,,,,,,2025-10-01 17:21:47,2025-10-01 17:21:47,1
,OregonLive,,,,,,2025-10-01 17:21:47,2025-10-01 17:21:47,1
,PCMag.com,,,,,,2025-10-01 17:21:47,2025-10-01 17:21:47,1
,PCWorld,,,,,,2025-10-01 17:21:47,2025-10-01 17:21:47,2
,Packers.com,,,,,,2025-10-01 17:21:47,2025-10-01 17:21:47,1
,Patriots.com,,,,,,2025-10-01 17:21:47,2025-10-01 17:21:47,1
,Pats Pulpit,,,,,,2025-10-01 17:21:47,2025-10-01 17:21:47,1
,Pe-insights.com,,,,,,2025-10-01 17:21:47,2025-10-01 17:21:47,1
,PhoneArena,,,,,,2025-10-01 17:21:47,2025-10-01 17:21:47,1
,Playlostark.com,,,,,,2025-10-01 17:21:47,2025-10-01 17:21:47,1
,Psychology Today,,,,,,2025-10-01 17:21:47,2025-10-01 17:21:47,1
,Raiders.com,,,,,,2025-10-01 17:21:47,2025-10-01 17:21:47,1
,Raw Story,,,,,,2025-10-01 17:21:47,2025-10-01 17:21:47,1
,Rlsbb.to,,,,,,2025-10-01 17:21:47,2025-10-01 17:21:47,3
,Rock Paper Shotgun,,,,,,2025-10-01 17:21:47,2025-10-01 17:21:47,1
,Rolling Stone,,,,,,2025-10-01 17:21:47,2025-10-01 17:21:47,4
,SB Nation,,,,,,2025-10-01 17:21:47,2025-10-01 17:21:47,1
,STLtoday.com,,,,,,2025-10-01 17:21:47,2025-10-01 17:21:47,1
,San Francisco Chronicle,,,,,,2025-10-01 17:21:47,2025-10-01 17:21:47,1
,ScienceAlert,,,,,,2025-10-01 17:21:47,2025-10-01 17:21:47,1
,Secsports.com,,,,,,2025-10-01 17:21:47,2025-10-01 17:21:47,1
,Sfstandard.com,,,,,,2025-10-01 17:21:47,2025-10-01 17:21:47,1
,Slate Magazine,,,,,,2025-10-01 17:21:47,2025-10-01 17:21:47,2
,Sneaker News,,,,,,2025-10-01 17:21:47,2025-10-01 17:21:47,1
,Socialnomics.net,,,,,,2025-10-01 17:21:47,2025-10-01 17:21:47,1
,Soldiersystems.net,,,,,,2025-10-01 17:21:47,2025-10-01 17:21:47,1
,Space.com,,,,,,2025-10-01 17:21:47,2025-10-01 17:21:47,1
,SpaceNews,,,,,,2025-10-01 17:21:47,2025-10-01 17:21:47,1
,Sports Illustrated,,,,,,2025-10-01 17:21:47,2025-10-01 17:21:47,4
,Spotify.com,,,,,,2025-10-01 17:21:47,2025-10-01 17:21:47,1
,Streamingmedia.com,,,,,,2025-10-01 17:21:47,2025-10-01 17:21:47,2
,Swift.com,,,,,,2025-10-01 17:21:47,2025-10-01 17:21:47,1
,Tech Xplore,,,,,,2025-10-01 17:21:47,2025-10-01 17:21:47,1
,TechSpot,,,,,,2025-10-01 17:21:47,2025-10-01 17:21:47,1
,Techpowerup.com,,,,,,2025-10-01 17:21:47,2025-10-01 17:21:47,1
,The Action Network,,,,,,2025-10-01 17:21:47,2025-10-01 17:21:47,1
,The Conversation Africa,,,,,,2025-10-01 17:21:47,2025-10-01 17:21:47,1
,The Cut,,,,,,2025-10-01 17:21:47,2025-10-01 17:21:47,1
,The Dallas Morning News,,,,,,2025-10-01 17:21:47,2025-10-01 17:21:47,1
,The Denver Post,,,,,,2025-10-01 17:21:47,2025-10-01 17:21:47,2
,The Falcoholic,,,,,,2025-10-01 17:21:47,2025-10-01 17:21:47,1
,The Indian Express,,,,,,2025-10-01 17:21:47,2025-10-01 17:21:47,1
,The Quietus,,,,,,2025-10-01 17:21:47,2025-10-01 17:21:47,1
,The Ringer,,,,,,2025-10-01 17:21:47,2025-10-01 17:21:47,1
,Theregister.com,,,,,,2025-10-01 17:21:47,2025-10-01 17:21:47,1
,Thurrott.com,,,,,,2025-10-01 17:21:47,2025-10-01 17:21:47,1
,Tipranks.com,,,,,,2025-10-01 17:21:47,2025-10-01 17:21:47,4
,Tom's Guide,,,,,,2025-10-01 17:21:47,2025-10-01 17:21:47,3
,Variety,,,,,,2025-10-01 17:21:47,2025-10-01 17:21:47,3
,Wccftech,,,,,,2025-10-01 17:21:47,2025-10-01 17:21:47,2
,Windows Central,,,,,,2025-10-01 17:21:47,2025-10-01 17:21:47,1
,Www.gov.uk,,,,,,2025-10-01 17:21:47,2025-10-01 17:21:47,1
,Yahoo Entertainment,,,,,,2025-10-01 17:21:47,2025-10-01 17:21:47,7
,ZDNet,,,,,,2025-10-01 17:21:47,2025-10-01 17:21:47,3
,bleachernation.com,,,,,,2025-10-01 17:21:47,2025-10-01 17:21:47,1
,cleveland.com,,,,,,2025-10-01 17:21:47,2025-10-01 17:21:47,1
,detroitlions.com,,,,,,2025-10-01 17:21:47,2025-10-01 17:21:47,1
,jaguars.com,,,,,,2025-10-01 17:21:47,2025-10-01 17:21:47,1
,mlive.com,,,,,,2025-10-01 17:21:47,2025-10-01 17:21:47,1
,pymnts.com,,,,,,2025-10-01 17:21:47,2025-10-01 17:21:47,2
ars-technica,Ars Technica,,,,,,2025-10-01 17:21:47,2025-10-01 17:21:47,1
associated-press,Associated Press,,,,,,2025-10-01 17:21:47,2025-10-01 17:21:47,4
bloomberg,Bloomberg,,,,,,2025-10-01 17:21:47,2025-10-01 17:21:47,4
business-insider,Business Insider,,,,,,2025-10-01 17:21:47,2025-10-01 17:21:47,4
cnn,CNN,,,,,,2025-10-01 17:21:47,2025-10-01 17:21:47,3
financial-post,Financial Post,,,,,,2025-10-01 17:21:47,2025-10-01 17:21:47,5
fox-sports,Fox Sports,,,,,,2025-10-01 17:21:47,2025-10-01 17:21:47,1
ign,IGN,,,,,,2025-10-01 17:21:47,2025-10-01 17:21:47,5
msnbc,MSNBC,,,,,,2025-10-01 17:21:47,2025-10-01 17:21:47,1
nbc-news,NBC News,,,,,,2025-10-01 17:21:47,2025-10-01 17:21:47,3
new-scientist,New Scientist,,,,,,2025-10-01 17:21:47,2025-10-01 17:21:47,1
new-york-magazine,New York Magazine,,,,,,2025-10-01 17:21:47,2025-10-01 17:21:47,1
nfl-news,NFL News,,,,,,2025-10-01 17:21:47,2025-10-01 17:21:47,1
nhl-news,NHL News,,,,,,2025-10-01 17:21:47,2025-10-01 17:21:47,3
polygon,Polygon,,,,,,2025-10-01 17:21:47,2025-10-01 17:21:47,1
techcrunch,TechCrunch,,,,,,2025-10-01 17:21:47,2025-10-01 17:21:47,4
the-irish-times,The Irish Times,,,,,,2025-10-01 17:21:47,2025-10-01 17:21:47,1
the-times-of-india,The Times of India,,,,,,2025-10-01 17:21:47,2025-10-01 17:21:47,2
the-verge,The Verge,,,,,,2025-10-01 17:21:47,2025-10-01 17:21:47,9
the-wall-street-journal,The Wall Street Journal,,,,,,2025-10-01 17:21:47,2025-10-01 17:21:47,1
usa-today,USA Today,,,,,,2025-10-01 17:21:47,2025-10-01 17:21:47,1
wired,Wired,,,,,,2025-10-01 17:21:47,2025-10-01 17:21:47,4
